"","Q025.estres","Q025.incremento","Q025.sin_cambio","Q025.reduccion"
"2023-04-13",-0.129093039381681,-0.117379537081214,-0.037013142146244,-0.0274687168728597
"2023-04-14",-0.13319905030087,-0.121540772921689,-0.0414716574213,-0.0320538496692927
"2023-04-18",-0.13373967065046,-0.122088664493114,-0.0423906093093066,-0.0326575538834584
"2023-04-19",-0.130701168737979,-0.119009295414849,-0.0389347347875308,-0.0292644955002392
"2023-04-20",-0.132270397400564,-0.120599629849211,-0.0401366781478445,-0.0310168341928373
"2023-04-21",-0.127991298185655,-0.116262977714456,-0.0363032549535556,-0.0262384157873291
"2023-04-25",-0.12087072899071,-0.109046638468957,-0.0284126460594206,-0.0182869621775891
"2023-04-26",-0.129163961901431,-0.117451413492867,-0.0373815198670614,-0.0275479151939824
"2023-04-27",-0.128749178736401,-0.117031051587768,-0.0366219469384405,-0.0270847318438113
"2023-04-28",-0.136380734130689,-0.124765249681804,-0.0452365355446069,-0.0356067975700901
"2023-05-02",-0.138298896032613,-0.126709210428917,-0.0477524210692004,-0.0377487857962487
"2023-05-03",-0.137628240449766,-0.126029534679659,-0.0465170989087181,-0.0369998728078162
"2023-05-04",-0.144252280435701,-0.132742666510214,-0.0542790206507412,-0.0443968582474933
"2023-05-05",-0.151280164108041,-0.139865073633722,-0.0622739831216899,-0.0522448110536999
"2023-05-09",-0.145531437626773,-0.134039028077159,-0.0556456586222873,-0.0458252776316622
"2023-05-10",-0.136977868089939,-0.1253704149582,-0.0467085311268824,-0.036273609849528
"2023-05-11",-0.144285238751055,-0.13277606810748,-0.05429450795973,-0.0444336624001419
"2023-05-12",-0.140491222651716,-0.128931023346852,-0.0502916078830944,-0.0401969304504103
"2023-05-16",-0.140533072945366,-0.128973436517518,-0.0505323899846059,-0.0402436641678148
"2023-05-17",-0.143901521615993,-0.132387190063449,-0.0537479840920931,-0.0440051701103854
"2023-05-18",-0.146222591620166,-0.134739477935963,-0.0560033896496591,-0.0465970809475481
"2023-05-19",-0.144742006444173,-0.133238979223106,-0.0540774138643669,-0.0449437293656914
"2023-05-23",-0.147039301796464,-0.135567172680029,-0.0568801172556868,-0.047509091336274
"2023-05-24",-0.14443017632015,-0.132922955054208,-0.0538579270334306,-0.0445955124328311
"2023-05-25",-0.140503096052803,-0.128943056442507,-0.0503189166870135,-0.0402101893339833
"2023-05-26",-0.137294527326791,-0.125691333190406,-0.0456481377614703,-0.0366272193943538
"2023-05-30",-0.136941419010976,-0.125333475647341,-0.0452506388092438,-0.0362329076033229
"2023-05-31",-0.135584431843395,-0.123958237308248,-0.0444531419838886,-0.0347175764245047
"2023-06-01",-0.133736377415758,-0.122085326965148,-0.0422128046237272,-0.0326538763680456
"2023-06-02",-0.135007101183695,-0.123373141681317,-0.0431891215436375,-0.0340728782504679
"2023-06-06",-0.145366045277322,-0.13387141123789,-0.0549026492296552,-0.0456405859928253
"2023-06-07",-0.149303524158802,-0.13786184832274,-0.0592499407151125,-0.0500375210984693
"2023-06-09",-0.146735997024548,-0.135259788527302,-0.0561771866067438,-0.0471703945611328
"2023-06-14",-0.157240672083451,-0.145905749097783,-0.0680119903198209,-0.0589008383121103
"2023-06-15",-0.156893076651497,-0.145553478585624,-0.0672380643260523,-0.0585126826918962
"2023-06-16",-0.151856217890806,-0.140448875210011,-0.0618319191739016,-0.0528880833546868
"2023-06-20",-0.157594660847558,-0.146264498930972,-0.0684651583654298,-0.0592961332891141
"2023-06-21",-0.158664098823121,-0.147348320606233,-0.0694950730566171,-0.0604903617585484
"2023-06-22",-0.166960306108495,-0.155756110009464,-0.0789612642323718,-0.0697546362231878
"2023-06-23",-0.159166932362103,-0.147857917142965,-0.0700122235469625,-0.0610518698977391
"2023-06-27",-0.162620727404113,-0.151358164949736,-0.0739468632931001,-0.0649086811023245
"2023-06-28",-0.163320549832521,-0.152067399832052,-0.0747843291601261,-0.0656901643548847
"2023-06-29",-0.157520398809984,-0.146189238085732,-0.0683122989080954,-0.0592132057687749
"2023-06-30",-0.160538635732032,-0.149248069614011,-0.0715473806515732,-0.062583634481961
"2023-07-04",-0.155704578789565,-0.14434899569536,-0.0656776132928119,-0.057185501485493
"2023-07-05",-0.152060458274372,-0.140655862580696,-0.0623077083520448,-0.0531161561239696
"2023-07-06",-0.159868188136422,-0.148568604649372,-0.0702845790338005,-0.0618349537503647
"2023-07-07",-0.159951896901732,-0.148653439278706,-0.0709209241160192,-0.0619284303174575
"2023-07-11",-0.16180838857966,-0.150534900351212,-0.0724321572262966,-0.064001552149402
"2023-07-12",-0.163914851641114,-0.152669694866003,-0.0756261847179419,-0.0663538140058931
"2023-07-13",-0.160599748909263,-0.149310004749699,-0.071076191966197,-0.0626518788287809
"2023-07-14",-0.155843460097915,-0.144489744926002,-0.0658126363394209,-0.057645330142411
"2023-07-18",-0.149661850730179,-0.138224994305728,-0.0589717471376451,-0.049675580056349
"2023-07-19",-0.147798192002175,-0.136336269787938,-0.0569093258311896,-0.0476254696522902
"2023-07-20",-0.144314143336714,-0.132805361453301,-0.0530536970659027,-0.0438438332089455
"2023-07-21",-0.13550192685495,-0.123874622646307,-0.0433016417373254,-0.0327771928420206
"2023-07-25",-0.136032479766752,-0.124412311375176,-0.0438887790780091,-0.0334107857370232
"2023-07-26",-0.130485082566102,-0.118790302932671,-0.0377497419195046,-0.0264793070570994
"2023-07-27",-0.124127564864714,-0.112347278051311,-0.0307141834417199,-0.0192702510392373
"2023-07-28",-0.121646882482866,-0.109833231050623,-0.0279689317913019,-0.0171897185643467
"2023-08-01",-0.12518477497994,-0.11341870740427,-0.0318841469303555,-0.021000625363169
"2023-08-02",-0.121257380096299,-0.109438489944758,-0.0275378882698143,-0.0160733196653979
"2023-08-03",-0.120042017295921,-0.108206780788682,-0.0261929048257387,-0.0147231612927058
"2023-08-04",-0.115711174909475,-0.103817689548397,-0.0214001702555693,-0.0093102102977245
"2023-08-08",-0.106387031812537,-0.094368138828653,-0.0110815904112036,0.00146991807554042
"2023-08-09",-0.11157623249047,-0.0996271330859552,-0.0168242287391452,-0.00585941604840934
"2023-08-10",-0.111200720961362,-0.0992465710114284,-0.0164086682254019,-0.00514796675091211
"2023-08-11",-0.11677292124122,-0.104893716128965,-0.0225751537564299,-0.0121642025261388
"2023-08-15",-0.120871949846355,-0.109047875744835,-0.0271113511856937,-0.017399924043365
"2023-08-17",-0.122478651105329,-0.110676186773561,-0.0288894100436941,-0.0202811424888754
"2023-08-18",-0.111349618424565,-0.0993974711119473,-0.0165734458727109,-0.00834694870449393
"2023-08-22",-0.110835732635636,-0.098876673674997,-0.0160047532337386,-0.00706861923476898
"2023-08-24",-0.109245011697429,-0.0972645578987507,-0.0142443790266559,-0.00495857166020253
"2023-08-25",-0.113052271705891,-0.101123024696094,-0.0184576902100154,-0.00960354414253139
"2023-08-29",-0.107684778306573,-0.0956833397204959,-0.0125177439190637,-0.00400995463341858
"2023-08-30",-0.114108822224966,-0.102193785581484,-0.0196269237553766,-0.0121298502966768
"2023-08-31",-0.111971486253795,-0.100027702923299,-0.0172616370321382,-0.00960575986874468
"2023-09-01",-0.110973786239052,-0.099016584068259,-0.0161575305039758,-0.00870791509226732
"2023-09-05",-0.11548025333482,-0.103583662130617,-0.0211446204767753,-0.0136385041381318
"2023-09-06",-0.113724073847425,-0.101803862424995,-0.0192011412665867,-0.0120634500863643
"2023-09-07",-0.113576728132849,-0.101654534943772,-0.0190380808647057,-0.0113263716481166
"2023-09-08",-0.110502404505573,-0.0985388623567238,-0.0156358750549436,-0.00762781802197221
"2023-09-12",-0.106410204789959,-0.0943916234773978,-0.0111072348286343,-0.00412289829873802
"2023-09-13",-0.102889382733712,-0.0908234471581577,-0.00763068714680881,-0.000199055296303929
"2023-09-14",-0.10660004276254,-0.0945840147279168,-0.0115458449516592,-0.004334466616707
"2023-09-15",-0.107228274097742,-0.0952206956329619,-0.0131447425255709,-0.00503461024486063
"2023-09-19",-0.114081668969652,-0.102166267121006,-0.0200801629442744,-0.0126724985224982
"2023-09-20",-0.114768920851071,-0.10286276238531,-0.0202318945273176,-0.0134384186521541
"2023-09-21",-0.113225341506152,-0.101298422246155,-0.0186570730137828,-0.0117181490916644
"2023-09-22",-0.112920990060972,-0.100989977342645,-0.0187958498469051,-0.0113789591895991
"2023-09-26",-0.111157181640315,-0.0992024460963273,-0.0170419710822818,-0.00941325140361438
"2023-09-27",-0.107483678029442,-0.0954795346899701,-0.0128197091109654,-0.00531924971660469
"2023-09-29",-0.109616028019298,-0.0976405643065149,-0.015482663814875,-0.00769568523443764
"2023-10-03",-0.114306099278325,-0.10239371596674,-0.020842990350105,-0.0129226188870474
"2023-10-04",-0.110846872213244,-0.0988879630774122,-0.0168077951809116,-0.00906742152225437
"2023-10-06",-0.106264645231306,-0.0942441061754931,-0.0116466709443447,-0.00396067684973189
"2023-10-10",-0.108651708861581,-0.0966632752735033,-0.0140021294715702,-0.00662098253186616
"2023-10-11",-0.108333414188256,-0.0963406996085719,-0.0136530657555418,-0.00626625335024722
"2023-10-12",-0.109527566207785,-0.0975509127035785,-0.0150080009083429,-0.00759709738917269
"2023-10-13",-0.110141349536324,-0.0981729512795264,-0.0161539492131255,-0.00828113917833995
"2023-10-17",-0.109984560544208,-0.0980140535108106,-0.0159806000743392,-0.00836139548034176
"2023-10-18",-0.109453016326658,-0.0974753601433551,-0.0153929138401458,-0.00784391338137325
"2023-10-19",-0.109830671819482,-0.0978580950174261,-0.0158104575309096,-0.008041229921121
"2023-10-20",-0.108596122266712,-0.0966069410514638,-0.0144455141195483,-0.00603113864328064
"2023-10-24",-0.113360342202739,-0.10143523867168,-0.0197129338009748,-0.0126056946244303
"2023-10-25",-0.113746215401076,-0.101826301777551,-0.0201395631561995,-0.0131224846417524
"2023-10-26",-0.117600349871059,-0.105732273487356,-0.0244007736029581,-0.0183888323615002
"2023-10-27",-0.116520793330792,-0.104638197154976,-0.0232071936583348,-0.0175066076375393
"2023-10-31",-0.113125806731423,-0.101197548751144,-0.0194536265535787,-0.0123789445650198
"2023-11-01",-0.112354410546968,-0.100415777461895,-0.0186007550449708,-0.0113557673701089
"2023-11-02",-0.112816755460569,-0.100884340810362,-0.019111933103543,-0.0124981031655658
"2023-11-03",-0.113038726266207,-0.1011092970733,-0.0193573485977941,-0.012058412447424
"2023-11-07",-0.112344796827649,-0.100406034440219,-0.018590125918895,-0.0115489667207088
"2023-11-08",-0.112109679628399,-0.100167754967639,-0.018330175501114,-0.0126423457027913
"2023-11-09",-0.109150190676514,-0.0971684615564798,-0.0150581035645861,-0.00776429364019771
"2023-11-10",-0.111168011076983,-0.0992134211864772,-0.0172890473567978,-0.0105063967295301
"2023-11-14",-0.111562527748029,-0.0996132440178176,-0.0176020810383137,-0.0109499748113203
"2023-11-15",-0.111567962564648,-0.0996187519314949,-0.0176648655616856,-0.0109560251026258
"2023-11-16",-0.113817226537102,-0.101898267997349,-0.0198839457239404,-0.0134600106481387
"2023-11-17",-0.116286639417244,-0.104400893924074,-0.0226675894153139,-0.0162090762240373
"2023-11-21",-0.116980475493359,-0.105104061939008,-0.0236844605298142,-0.0169814869000732
"2023-11-22",-0.116438236882899,-0.104554530341469,-0.023277704937097,-0.0163778415923469
"2023-11-23",-0.117288707603435,-0.105416439701483,-0.0237947751317094,-0.0173246252589977
"2023-11-24",-0.113576708101137,-0.101654514642638,-0.01961102066415,-0.0131922543089718
"2023-11-28",-0.114660312155443,-0.102752692927208,-0.0212225473821741,-0.0143985728746321
"2023-11-29",-0.113962960058824,-0.102045961602087,-0.020410236067423,-0.0136222480006057
"2023-11-30",-0.113422490805559,-0.101498223159198,-0.0198116992426609,-0.0130205724238193
"2023-12-01",-0.113885223873534,-0.101967179882628,-0.0200691426785885,-0.0135357084540187
"2023-12-05",-0.115119785937832,-0.103218346528396,-0.0211950514748226,-0.0149100805161244
"2023-12-06",-0.114810143661894,-0.102904539633646,-0.0208425317153448,-0.0145653722948023
"2023-12-07",-0.114732733092909,-0.102826087909958,-0.0208190560106547,-0.0144791952394716
"2023-12-08",-0.115431282806603,-0.103534032959834,-0.0215866066484943,-0.0152568533566751
"2023-12-12",-0.115274607075801,-0.103375249975771,-0.0214453705740941,-0.0150824346267856
"2023-12-13",-0.11465232243069,-0.102744595742458,-0.0206065244178325,-0.0143896783404465
"2023-12-14",-0.115429693295181,-0.103532422069842,-0.0214664712749596,-0.0146385375119623
"2023-12-15",-0.116050397376133,-0.104161474480764,-0.0221531094653039,-0.0159219935150252
"2023-12-20",-0.118602935945631,-0.106748344118628,-0.0249767906975197,-0.0190241875022455
"2023-12-21",-0.122373288028731,-0.110569406587333,-0.0291476473275092,-0.0232614353628257
"2023-12-22",-0.124756776898351,-0.112984952844963,-0.0317843216049382,-0.025477637285092
"2023-12-26",-0.123300593842445,-0.111509184455209,-0.030173455929972,-0.0243109924397594
"2023-12-27",-0.121148090818538,-0.109327730750847,-0.0277923039021346,-0.0221682501025627
"2023-12-28",-0.121222796217214,-0.109403440920295,-0.0278749448599271,-0.0218605648746243
"2023-12-29",-0.119989479753167,-0.108153536627821,-0.0265106197153334,-0.020497160628837
"2024-01-02",-0.119295863908104,-0.107450591805997,-0.0257433247300678,-0.0188909144191821
"2024-01-03",-0.120837051395118,-0.109012507917296,-0.0274482244069656,-0.0211763650324557
"2024-01-04",-0.121069352700971,-0.109247933623348,-0.0277052018510663,-0.0211971033146034
"2024-01-05",-0.121146202455916,-0.109325816990173,-0.0277902149487448,-0.0210835287849335
"2024-01-09",-0.121914869990134,-0.110104822929454,-0.0286405339668871,-0.0222737447891239
"2024-01-10",-0.123215662095832,-0.111423110395749,-0.030079502333424,-0.023638242527463
"2024-01-11",-0.125049523044588,-0.113281636360877,-0.032108164624907,-0.0261558200541798
"2024-01-12",-0.123980708537253,-0.11219844653935,-0.0309258156092461,-0.0248618279603605
"2024-01-16",-0.125588685574208,-0.113828050504982,-0.032704599536486,-0.0266758629389976
"2024-01-17",-0.125741604051437,-0.113983025701259,-0.0328737617342176,-0.0263088446371417
"2024-01-18",-0.124369022182525,-0.112591982915617,-0.0313553777578737,-0.0246072542076177
"2024-01-19",-0.124445389789172,-0.112669377649359,-0.0314398574911932,-0.0243541740572314
"2024-01-23",-0.122684817492657,-0.110885126052324,-0.0294922689175925,-0.0232600275133068
"2024-01-24",-0.122148551882009,-0.110341647790097,-0.0288990386493547,-0.0228785838987364
"2024-01-26",-0.123604162688814,-0.111816836234131,-0.0305092712882273,-0.0238004476176713
"2024-01-30",-0.121833696873203,-0.110022558052398,-0.0285507382593596,-0.0219660355690547
"2024-01-31",-0.12328875313334,-0.111497184491235,-0.0301603574450066,-0.0234035160801688
"2024-02-01",-0.123135500905809,-0.11134187105579,-0.0299908260444449,-0.0233214567992984
"2024-02-02",-0.119831507437438,-0.107993439620056,-0.0263358668365858,-0.0193388874107937
"2024-02-07",-0.119755809898464,-0.107916723966246,-0.0262521283486817,-0.0195201296046748
"2024-02-08",-0.125108303697397,-0.113341207600215,-0.0321731892353617,-0.0255339825532255
"2024-02-09",-0.124798794461314,-0.113027535534677,-0.0318308024712334,-0.0250595714657205
"2024-02-14",-0.125631056907765,-0.113870991723423,-0.0328437536370174,-0.0255589149340224
"2024-02-15",-0.125783878535501,-0.114025868767604,-0.0328485090525387,-0.0257292271047934
"2024-02-16",-0.126695804267329,-0.114950059694959,-0.0338544531802466,-0.0267455233795445
"2024-02-20",-0.126175309059827,-0.114422563944246,-0.0334550819379182,-0.026165457128591
"2024-02-21",-0.123274871989683,-0.111483116649325,-0.0302213796018231,-0.022933062990938
"2024-02-22",-0.12303786284024,-0.111242919780249,-0.0301527250772086,-0.0226689279772483
"2024-02-23",-0.121660478705808,-0.109847010139699,-0.0289605166558844,-0.0211339012575642
"2024-02-28",-0.120974814825935,-0.109152124235203,-0.0274097368175449,-0.0203697626632411
"2024-02-29",-0.121127230522751,-0.109306589888784,-0.0281885297234868,-0.0205396224440119
"2024-03-01",-0.126071021983033,-0.114316874229777,-0.0338455836785082,-0.0260492343223335
"2024-03-05",-0.123952404355858,-0.112169761673095,-0.0309032180610305,-0.0236881394140868
"2024-03-06",-0.123274452591735,-0.111482691610569,-0.0303588805918548,-0.0229325955925992
"2024-03-07",-0.123735451061456,-0.111949890405789,-0.0308145328161835,-0.023446355662187
"2024-03-08",-0.120138119295185,-0.108304175338173,-0.0268884484141311,-0.0194373067391198
"2024-03-13",-0.120520873326159,-0.108692077324583,-0.0272636252365053,-0.0198638672387839
"2024-03-14",-0.118294752893777,-0.106436016074197,-0.0248222909321874,-0.0173829657534831
"2024-03-15",-0.117294375698813,-0.105422184031467,-0.0234237088921214,-0.0162680946832824
"2024-03-19",-0.117139014758633,-0.105264733521663,-0.0233170516692649,-0.0160949525739681
"2024-03-20",-0.119984512123274,-0.108148502184426,-0.0265283165842078,-0.0192661191180896
"2024-03-21",-0.121361140105466,-0.109543645502658,-0.0282908544626586,-0.0208003031433764
"2024-03-22",-0.116837950386636,-0.104959619901728,-0.0229760190321032,-0.0157594311723432
"2024-03-26",-0.117682739405647,-0.105815771142612,-0.0238900812972126,-0.0167009068901622
"2024-03-27",-0.117759369357062,-0.1058934317496,-0.0243785909940393,-0.0167863071935417
"2024-03-28",-0.117683669379966,-0.105816713624876,-0.0240307034230975,-0.0167019433006982
"2024-04-02",-0.118677633114002,-0.106824045947075,-0.0245804904052511,-0.0178096668848463
"2024-04-03",-0.116915707100514,-0.105038422425879,-0.0232157466813585,-0.0158460871969432
"2024-04-04",-0.119290345870008,-0.107444999551532,-0.0258977975146575,-0.0184925050477441
"2024-04-05",-0.118830726423072,-0.106979198326642,-0.0256828691420524,-0.0179802818310716
"2024-04-09",-0.120815944376052,-0.108991117013582,-0.0270888446309099,-0.0201927093783638
"2024-04-11",-0.119900623483092,-0.108063485260943,-0.0260666534794022,-0.0191726293638961
"2024-04-12",-0.118907422472682,-0.107056925920831,-0.0251043627171975,-0.0180657557976309
"2024-04-16",-0.117070776914609,-0.105195577894018,-0.0232331212833994,-0.016018904860587
"2024-04-17",-0.11936481416674,-0.107520469430069,-0.0254506895185034,-0.0185754962935386
"2024-04-18",-0.120588128655613,-0.108760237223057,-0.0268287544510459,-0.0199388199881088
"2024-04-19",-0.123855330584825,-0.112071382281725,-0.0300427703060601,-0.023579955481522
"2024-04-23",-0.125614286703199,-0.113853995963387,-0.0331991170603726,-0.025540225367721
"2024-04-25",-0.123637179783767,-0.111850297401567,-0.0309291622109904,-0.023336837167484
"2024-04-26",-0.125234885244927,-0.113469491641026,-0.0325632247247671,-0.025117401145069
"2024-04-30",-0.125250181956315,-0.113484994089734,-0.0325431297587115,-0.0251344485758596
"2024-05-01",-0.126311257397444,-0.114560340756359,-0.0334244510731219,-0.0263169648492927
"2024-05-02",-0.121967302929454,-0.110157961079988,-0.0292079001804219,-0.0214758417299192
"2024-05-03",-0.119596692696103,-0.107755466673381,-0.0265250837946989,-0.0188339134840628
"2024-05-07",-0.118371870304315,-0.106514170696523,-0.0247652699080063,-0.0174689093060252
"2024-05-08",-0.117068020389141,-0.105192784293904,-0.0234313992106566,-0.0160158328488353
"2024-05-09",-0.115837573415817,-0.103945788086156,-0.0217387219892782,-0.0146445603519397
"2024-05-10",-0.116609160439784,-0.104727752781664,-0.0226283676955938,-0.0155044560547745
"2024-05-14",-0.116611396258096,-0.104730018671228,-0.0224727471464358,-0.0155069477640687
"2024-05-15",-0.114457783043761,-0.102547439844628,-0.0205962214515834,-0.0131068519990393
"2024-05-16",-0.116989934689057,-0.105113648358756,-0.023021163549787,-0.015928810185326
"2024-05-17",-0.115376296965952,-0.103478307572021,-0.0212929268695271,-0.0141304904871842
"2024-05-21",-0.111679699697035,-0.0997319919031248,-0.0173991572351405,-0.0100108150547109
"2024-05-22",-0.112915207705108,-0.100984117215398,-0.0193648607741205,-0.0113877278253504
"2024-05-23",-0.114000033369491,-0.102083533540426,-0.0199504024676284,-0.0125967125518328
"2024-05-24",-0.117070537653843,-0.105195335415249,-0.0230636398775806,-0.0160186382162578
"2024-05-28",-0.121576945030102,-0.109762352954884,-0.0285089792528371,-0.0210408070937811
"2024-05-29",-0.123168319220656,-0.111375130769573,-0.0299150462692324,-0.0228143151823748
"2024-05-31",-0.122177057272548,-0.110370536571714,-0.029127627719034,-0.0217096026054588
"2024-06-04",-0.121485916705643,-0.10967010031998,-0.0280673570226929,-0.0209393605134118
"2024-06-05",-0.120577791997393,-0.108749761539115,-0.0271142531394254,-0.0199273002920686
"2024-06-07",-0.12171738806393,-0.109904684915859,-0.0286150745810304,-0.0211973239318448
"2024-06-12",-0.12655065796788,-0.114802961210501,-0.0339564536515677,-0.0265837649837943
"2024-06-13",-0.126166745904491,-0.1144138856164,-0.0331467803866321,-0.0261559139140887
"2024-06-14",-0.127458543950667,-0.115723058055101,-0.0345759440661277,-0.0275955591573778
"2024-06-18",-0.126199346281141,-0.114446924460768,-0.0334706237410164,-0.0261922454268299
"2024-06-19",-0.125060077101136,-0.113292332367105,-0.0321495731907235,-0.0249225860859794
"2024-06-20",-0.125975920514568,-0.114220493667999,-0.0327142154033552,-0.0259432484237554
"2024-06-21",-0.128994586095175,-0.117279759620197,-0.0365848321162119,-0.0293074024082455
"2024-06-25",-0.128610855148303,-0.116890867578591,-0.0362086288332011,-0.0288797531839712
"2024-06-26",-0.126488057139705,-0.114739518415298,-0.0334951434910832,-0.0265139994467
"2024-06-27",-0.129811569555956,-0.118107731324362,-0.037275194276192,-0.0302178902020933
"2024-06-28",-0.128616103425844,-0.116896186444281,-0.036217827287879,-0.0288856021305763
"2024-07-02",-0.129978931502916,-0.118277344251782,-0.0372859111785707,-0.0304044068418741
"2024-07-03",-0.128861663689615,-0.117145049438246,-0.0364807986419967,-0.0291592669396583
"2024-07-04",-0.127725529187975,-0.115993634183667,-0.0349937911665519,-0.0278931010433223
"2024-07-05",-0.125146466413874,-0.113379883596627,-0.0323937532027906,-0.0250188627164663
"2024-07-09",-0.123380940307217,-0.111590611561819,-0.0300030982568045,-0.0230512709021922
"2024-07-10",-0.124811792729169,-0.113040708626304,-0.0315757990124726,-0.0246458853925989
"2024-07-11",-0.126818316643593,-0.115074219835067,-0.033712861697054,-0.0268820573836441
"2024-07-12",-0.126814738550126,-0.115070593617049,-0.0334627706855357,-0.0268780697748565
"2024-07-16",-0.128596769946713,-0.116876592934214,-0.0359312580150465,-0.0288640559211287
"2024-07-17",-0.123281756588021,-0.111490093843959,-0.0293488406004315,-0.0229407355364096
"2024-07-18",-0.120648336732217,-0.10882125508472,-0.0270318382540967,-0.0200059189215279
"2024-07-19",-0.121780193421021,-0.109968334990845,-0.0281409921278629,-0.0212673174063325
"2024-07-23",-0.117916194335754,-0.106052365988904,-0.0240138206754847,-0.0169610809016083
"2024-07-24",-0.121477306783125,-0.109661374595946,-0.0280051054589286,-0.0209297651791922
"2024-07-25",-0.114798753077912,-0.102892995848877,-0.0200915482323158,-0.0134868462939853
"2024-07-26",-0.115030101741365,-0.103127456099703,-0.0203587662301755,-0.0137446729750735
"2024-07-30",-0.116545263462034,-0.104662996403967,-0.0225766309757556,-0.0154332460228738
"2024-07-31",-0.117078507910622,-0.105203412870185,-0.0230789142477787,-0.0160275206745443
"2024-08-01",-0.118220393954327,-0.106360657023774,-0.0243941438868848,-0.0173000963809898
"2024-08-02",-0.119890744686636,-0.108053473596902,-0.0261307993725171,-0.0191616199322219
"2024-08-06",-0.117160287016413,-0.105286291886514,-0.0228724858241161,-0.0161186594566474
"2024-08-07",-0.118978993315969,-0.107129459375826,-0.0254444022575306,-0.0181455179743897
"2024-08-08",-0.119508999125,-0.107666593643515,-0.0259056402969791,-0.018736183321923
"2024-08-09",-0.118751353061016,-0.106898757410759,-0.0249164053140886,-0.0178918241317694
"2024-08-13",-0.121997602927809,-0.110188668606491,-0.0286028360638805,-0.0215096095844484
"2024-08-14",-0.120340831696447,-0.108509614175536,-0.0265056572153672,-0.01966321971762
"2024-08-15",-0.120041742990578,-0.108206502793994,-0.026463988915696,-0.0193299000985043
"2024-08-20",-0.120795610235608,-0.108970509383533,-0.027225847745315,-0.0201700479812104
"2024-08-21",-0.120114746299098,-0.108280487980557,-0.0265752753845199,-0.0194112586871528
"2024-08-22",-0.119507724743223,-0.10766530212159,-0.0255441477894527,-0.0187347630862524
"2024-08-23",-0.116180491961677,-0.104293318809157,-0.0219891550194974,-0.0150267261671339
"2024-08-27",-0.119127543719785,-0.107280007749087,-0.0248833951294914,-0.0183110700766512
"2024-08-28",-0.110637032056062,-0.0986753006174184,-0.0155239848768465,-0.00884881336713939
"2024-08-29",-0.116935436783475,-0.105058417468629,-0.0223579630271125,-0.015868074956029
"2024-08-30",-0.120189739431194,-0.108356489753375,-0.0259973916362929,-0.0194948348360875
"2024-09-03",-0.123435788504057,-0.111646197454544,-0.0297891490627783,-0.0231123965138299
"2024-09-04",-0.123363171631007,-0.11157260390092,-0.0300887349919333,-0.0230314685884633
"2024-09-05",-0.119205007139144,-0.107358513033975,-0.0254145840398247,-0.0183973992389689
"2024-09-06",-0.123287975471428,-0.111496396369946,-0.0299590212049564,-0.0229476661754068
"2024-09-10",-0.124266514466812,-0.112488096494235,-0.031095446888238,-0.0240381996486896
"2024-09-11",-0.126594194034929,-0.114847082827838,-0.0335534619143368,-0.02663228378441
"2024-09-12",-0.12291601831313,-0.111119436471715,-0.029332816779914,-0.0225331382581092
"2024-09-13",-0.122232898031006,-0.110427128375785,-0.0283282563215446,-0.02177183437809
"2024-09-17",-0.120036412848112,-0.108201100962313,-0.0266308958307082,-0.0193239599174753
"2024-09-18",-0.120414164293488,-0.108583933079477,-0.0263710736527136,-0.0197449452820928
"2024-09-19",-0.121545048864022,-0.10973002779256,-0.0275595431748527,-0.0210052603890062
"2024-09-20",-0.123045349716472,-0.111250507353278,-0.0289953973767394,-0.0226772717317428
"2024-09-25",-0.120708056500192,-0.108881778070111,-0.0269017989759982,-0.0200724736590496
"2024-09-26",-0.125655811356407,-0.113896079113819,-0.0324611385431273,-0.0255865025467636
"2024-09-27",-0.126269080359636,-0.114517596446899,-0.0332493391113688,-0.026269960619772
"2024-10-01",-0.12594717772635,-0.114191364295758,-0.0327046062727026,-0.0259112160031623
"2024-10-02",-0.126847740674242,-0.115104039612295,-0.0335048564476738,-0.0269148490153444
"2024-10-03",-0.126850599767177,-0.115106937159386,-0.0334619435327791,-0.0269180353334817
"2024-10-04",-0.126024742950046,-0.114269972754229,-0.032539311928685,-0.0259976586213951
"2024-10-08",-0.124360875518189,-0.112583726680483,-0.030612373345695,-0.0241433603889225
"2024-10-09",-0.125781608457846,-0.114023568157916,-0.0325575050348255,-0.0257266972151503
"2024-10-10",-0.128272621970058,-0.116548085240343,-0.0354192963929882,-0.0285028089800192
"2024-10-11",-0.12483214142356,-0.113061331006048,-0.0319422282008024,-0.0246685630094097
"2024-10-15",-0.125434745904159,-0.113672040381072,-0.0323590564465261,-0.0257533197265313
"2024-10-16",-0.123258269885338,-0.111466291250418,-0.0299509487626103,-0.0227954849008253
"2024-10-17",-0.122062899690115,-0.110254843595531,-0.0286283611818854,-0.0215345902094647
"2024-10-18",-0.121238876515472,-0.10941973749494,-0.0277166412633458,-0.0209343678859253
"2024-10-22",-0.117616002670837,-0.105748136813763,-0.0237082027289088,-0.0170719103887189
"2024-10-23",-0.117616502590547,-0.10574864345728,-0.0237087558526204,-0.0166800743013922
"2024-10-24",-0.116407286805926,-0.104523163992937,-0.0223708491643424,-0.0149175641558198
"2024-10-25",-0.11822121687304,-0.106361491010558,-0.0243778269095271,-0.0177445877599542
"2024-10-29",-0.116858968200894,-0.10498092040085,-0.0228706007942706,-0.0158056623943504
"2024-10-30",-0.119958205020704,-0.108121841257256,-0.0262996741842445,-0.0193252154157629
"2024-10-31",-0.120409790784921,-0.108579500748205,-0.0267993200059097,-0.0200025054837062
"2024-11-01",-0.121384185500592,-0.109567000853154,-0.0278774147708799,-0.0209106608890202
"2024-11-05",-0.119652334647384,-0.107811856996364,-0.0259612515276642,-0.0188416177987555
"2024-11-07",-0.117996285389842,-0.106133534249615,-0.0241289570720651,-0.0168439041240499
"2024-11-08",-0.115132636965783,-0.103231370399776,-0.0209605445950265,-0.0133181930471328
"2024-11-12",-0.114835215670105,-0.102929948854716,-0.0206314702099706,-0.0128935289506011
"2024-11-13",-0.11453177250439,-0.102622424446824,-0.0202957330767932,-0.0126220573360394
"2024-11-14",-0.115966679487372,-0.104076630605271,-0.021883350170454,-0.0144177745147911
"2024-11-15",-0.115286328737669,-0.103387129291348,-0.0211305930281969,-0.0135188837567262
"2024-11-19",-0.117472940721264,-0.105603150713217,-0.0235499153978908,-0.0158173061555869
"2024-11-20",-0.118373593099056,-0.106515916662465,-0.0245464197897345,-0.016401849525297
"2024-11-21",-0.116348258010847,-0.104463341273871,-0.0223055382241935,-0.0140733887775699
"2024-11-22",-0.117998248102049,-0.106135523359859,-0.0241311286661045,-0.0166389440557332
"2024-11-26",-0.123463209846595,-0.111673987607957,-0.030177699478528,-0.0227392816277187
"2024-11-27",-0.124787855172834,-0.113016449115232,-0.0316433203082518,-0.0246620412450448
"2024-11-28",-0.123974941201362,-0.112192601634091,-0.0307438918908763,-0.0231637146126661
"2024-11-29",-0.130553992570479,-0.118860139761073,-0.0380231194209939,-0.0303236083228142
"2024-12-03",-0.137987489328128,-0.126393615374453,-0.0462477267705161,-0.0398440537287317
"2024-12-04",-0.1395731782378,-0.128000631442514,-0.048002172771602,-0.041753939613118
"2024-12-05",-0.138911842902117,-0.127330401295645,-0.0472704547605929,-0.0410569772353768
"2024-12-06",-0.13839806081242,-0.126809708952659,-0.0467019933636565,-0.0401078643707767
"2024-12-10",-0.137017544252652,-0.125410624756358,-0.0451745551991181,-0.0386915061414821
"2024-12-11",-0.140153168527538,-0.128588422470908,-0.0486438885824988,-0.0421240516137158
"2024-12-12",-0.135983288882909,-0.124362458885033,-0.0440302291043335,-0.0374968710824211
"2024-12-13",-0.134519740784936,-0.122879226395056,-0.0424109227623242,-0.0355328796338147
"2024-12-18",-0.133462700543268,-0.121807969200416,-0.0412413869134771,-0.033720254992722
"2024-12-19",-0.135272225085497,-0.123641831439834,-0.0432434902753757,-0.0360884868425954
"2024-12-20",-0.140848942418391,-0.129293554363751,-0.0494137102751528,-0.0425061118870167
"2024-12-24",-0.138241226443001,-0.126650765196325,-0.0465284678817151,-0.0393606148606958
"2024-12-26",-0.139332711585783,-0.127756930568234,-0.0477361144335182,-0.0411695818999587
"2024-12-27",-0.138512098242405,-0.12692528016037,-0.0468281672378568,-0.0397174829851826
